{
    "id": "widget.agcplayer.xlys",
    "author": "AGC Player",
    "version": "0.0.1",
    "agcplayer-require": "^2.2.0",
    "name": "修罗影视",
    "type": "video-hub",
    "platform": "all",
    "summary": "This is a aimoon widget.",
    "description": "This is a aimoon widget, JavaScript script.",
    "disclaimer": "For demonstration only.",
    "settings": {
        "headers": {
            "user-agent": "Mozilla/5.0 (Macintosh; Intel Mac OS X 10_15_7) AppleWebKit/537.36 (KHTML, like Gecko) Chrome/131.0.0.0 Safari/537.36",
            "referer": "https://v.xlys.ltd.ua/"
        }
    }
}
